09:05:25 - 09/01/2018 : Mapbi Nguyễn Đã sửa tài khoản doanhong thành doanhong - Mã vận đơn cattiên thành DH.
13:48:11 - 09/01/2018 : Vi Nguyễn Đã thêm tài khoản ngolam - Mã vận đơn : L - ID : 104.
14:45:29 - 09/01/2018 : Vi Nguyễn Đã sửa tài khoản Trang Lầu 2 thành Trang Lầu 2 - Mã vận đơn T thành TR.
14:45:39 - 09/01/2018 : Vi Nguyễn Đã sửa tài khoản Diemlau2 thành Diemlau2 - Mã vận đơn D thành D1.
14:45:47 - 09/01/2018 : Vi Nguyễn Đã sửa tài khoản xuanlau2 thành xuanlau2 - Mã vận đơn X thành X.
14:45:53 - 09/01/2018 : Vi Nguyễn Đã sửa tài khoản dangtam thành dangtam - Mã vận đơn T thành TA.
14:46:03 - 09/01/2018 : Vi Nguyễn Đã sửa tài khoản camtien thành camtien - Mã vận đơn T  thành TI.
14:48:36 - 09/01/2018 : Vi Nguyễn Đã sửa tài khoản doanhong thành doanhong - Mã vận đơn H thành HO.
14:57:05 - 09/01/2018 : Vi Nguyễn Đã sửa tài khoản oanhCT thành oanhCT - Mã vận đơn O thành O2.
14:57:11 - 09/01/2018 : Vi Nguyễn Đã sửa tài khoản Oanhlau2 thành Oanhlau2 - Mã vận đơn O thành O1.
14:57:34 - 09/01/2018 : Vi Nguyễn Đã sửa tài khoản doanhong thành doanhong - Mã vận đơn DH thành DH.
14:57:42 - 09/01/2018 : Vi Nguyễn Đã sửa tài khoản doanhong thành doanhong - Mã vận đơn HO thành HO.
16:44:49 - 09/01/2018 : Vi Nguyễn Đã thêm tài khoản xuanlau2 - Mã vận đơn : x - ID : 105.
