13:47:32 - 10/01/2018 : Vi Nguyễn Đã sửa tài khoản Oanhlau2 thành Oanhlau2 - Mã vận đơn O1 thành O1.
13:47:59 - 10/01/2018 : Vi Nguyễn Đã sửa tài khoản Oanhlau2 thành Oanhlau2 - Mã vận đơn O1 thành KO.
13:48:31 - 10/01/2018 : Vi Nguyễn Đã sửa tài khoản Quỳnh lầu 2 thành Quỳnh lầu 2 - Mã vận đơn Q thành Q.
13:48:39 - 10/01/2018 : Vi Nguyễn Đã sửa tài khoản Huonglau2 thành Huonglau2 - Mã vận đơn H thành H.
13:48:44 - 10/01/2018 : Vi Nguyễn Đã sửa tài khoản oanhCT thành oanhCT - Mã vận đơn O2 thành OH.
13:48:53 - 10/01/2018 : Vi Nguyễn Đã sửa tài khoản Diemlau2 thành Diemlau2 - Mã vận đơn D1 thành MD.
13:48:54 - 10/01/2018 : Vi Nguyễn Đã sửa tài khoản Diemlau2 thành Diemlau2 - Mã vận đơn MD thành MD.
13:49:00 - 10/01/2018 : Vi Nguyễn Đã sửa tài khoản thuydiem thành thuydiem - Mã vận đơn D thành TD.
13:49:00 - 10/01/2018 : Vi Nguyễn Đã sửa tài khoản thuydiem thành thuydiem - Mã vận đơn TD thành TD.
13:49:06 - 10/01/2018 : Vi Nguyễn Đã sửa tài khoản dangtam thành dangtam - Mã vận đơn TA thành TA.
13:49:14 - 10/01/2018 : Vi Nguyễn Đã sửa tài khoản camtien thành camtien - Mã vận đơn TI thành TI.
13:49:19 - 10/01/2018 : Vi Nguyễn Đã sửa tài khoản doanhong thành doanhong - Mã vận đơn HO thành HO.
13:49:20 - 10/01/2018 : Vi Nguyễn Đã sửa tài khoản quangct thành quangct - Mã vận đơn ct thành ct.
13:49:48 - 10/01/2018 : Vi Nguyễn Đã sửa tài khoản xuanlau2 thành xuanlau2 - Mã vận đơn x thành X.
13:50:06 - 10/01/2018 : Vi Nguyễn Đã sửa tài khoản Quỳnh lầu 2 thành ngocquynh - Mã vận đơn Q thành Q.
13:50:16 - 10/01/2018 : Vi Nguyễn Đã sửa tài khoản Trang Lầu 2 thành thutrang - Mã vận đơn TR thành TR.
13:50:27 - 10/01/2018 : Vi Nguyễn Đã sửa tài khoản Huonglau2 thành lanhuong - Mã vận đơn H thành H.
13:50:35 - 10/01/2018 : Vi Nguyễn Đã sửa tài khoản Diemlau2 thành mydiem - Mã vận đơn MD thành MD.
13:50:43 - 10/01/2018 : Vi Nguyễn Đã sửa tài khoản Oanhlau2 thành kimoanh - Mã vận đơn KO thành KO.
15:09:02 - 10/01/2018 : Ngọc Quỳnh Đã thêm tài khoản anhminh - Mã vận đơn : M - ID : 106.
